calName,categories,startDate,endDate,eventSubject,eventDesc,eventLocation
CompanyName Timesheets,Timesheets,20210115,20210116,Timesheets Due,Timesheets Due,Today
CompanyName Timesheets,Timesheets,20210129,20210130,Timesheets Due,Timesheets Due,Today
CompanyName Timesheets,Timesheets,20210212,20210213,Timesheets Due,Timesheets Due,Today
CompanyName Timesheets,Timesheets,20210226,20210227,Timesheets Due,Timesheets Due,Today
CompanyName Timesheets,Timesheets,20210315,20210316,Timesheets Due,Timesheets Due,Today
CompanyName Timesheets,Timesheets,20210331,20210401,Timesheets Due,Timesheets Due,Today
CompanyName Timesheets,Timesheets,20210415,20210416,Timesheets Due,Timesheets Due,Today
CompanyName Timesheets,Timesheets,20210430,20210501,Timesheets Due,Timesheets Due,Today
CompanyName Timesheets,Timesheets,20210514,20210515,Timesheets Due,Timesheets Due,Today
CompanyName Timesheets,Timesheets,20210529,20210530,Timesheets Due,Timesheets Due,Today
CompanyName Timesheets,Timesheets,20210615,20210616,Timesheets Due,Timesheets Due,Today
CompanyName Timesheets,Timesheets,20210630,20210701,Timesheets Due,Timesheets Due,Today
CompanyName Timesheets,Timesheets,20210715,20210716,Timesheets Due,Timesheets Due,Today
CompanyName Timesheets,Timesheets,20210730,20210731,Timesheets Due,Timesheets Due,Today
CompanyName Timesheets,Timesheets,20210813,20210814,Timesheets Due,Timesheets Due,Today
CompanyName Timesheets,Timesheets,20210831,20210901,Timesheets Due,Timesheets Due,Today
CompanyName Timesheets,Timesheets,20210915,20210916,Timesheets Due,Timesheets Due,Today
CompanyName Timesheets,Timesheets,20210930,20211001,Timesheets Due,Timesheets Due,Today
CompanyName Timesheets,Timesheets,20211015,20211016,Timesheets Due,Timesheets Due,Today
CompanyName Timesheets,Timesheets,20211029,20211030,Timesheets Due,Timesheets Due,Today
CompanyName Timesheets,Timesheets,20211115,20211116,Timesheets Due,Timesheets Due,Today
CompanyName Timesheets,Timesheets,20211130,20211201,Timesheets Due,Timesheets Due,Today
CompanyName Timesheets,Timesheets,20211215,20211216,Timesheets Due,Timesheets Due,Today
CompanyName Timesheets,Timesheets,20211231,20220101,Timesheets Due,Timesheets Due,Today
